howard-dean,8
house-natural-resources-committee-republicans,1
timothy-geithner,1
kenneth-mckay,1
colorado-democratic-party,1
jason-rae,1
carol-morgan,1
bill-gates,1
ruben-navarrette-jr,1
john-whitbeck,1
dave-hunt,1
city-brookhaven,1
lgbt-progress,1
janet-adkins,3
caddy-mckeown,1
dennis-algiere,1
joseph-kyrillos,10
shawn-oconnor,1
sam-houston,1
miami-dade-county,1
republican-jewish-coalition,1
steve-munisteri,2
chris-abele,15
dave-schwartz,1
american-natural-gas-alliance,1
james-langevin,3
dominic-chavez,1
kai-degner,1
keith-olbermann,7
mahmoud-ahmadinejad,1
kathleen-falk,9
other-98,2
stacey-campfield,3
bud-chiles,3
bill-richardson,13
ted-ankrum,1
american-international-group,1
joellen-smith,1
michael-doherty,7
dana-bash,1
rhode-island-retirement-security-coalition,1
jerome-corsi,1
tom-colicchio,1
keith-stokes,1
matt-caldwell,1
gary-sasse,1
sarah-silverman,2
lawrence-lessig,1
oregon-lottery,2
wisconsin-alliance-reform,1
jeff-kruse,3
herb-garrett,1
environmental-justice-league-ri-environmental-just,1
drudge-report,1
al-roker,1
moveon,13
blanche-lincoln,1
anita-perry,2
judd-gregg,3
dana-loesch,2
mark-johnson,1
matt-mackowiak,3
menominee-indian-tribe-wisconsin,1
bob-bennett,1
cascade-policy-institute,1
jobs-ohio,1
occupy-democrats,8
david-alameel,2
sloan-roach,1
bryan-fischer,1
gun-owners-america,1
pam-davidson,1
florida-department-corrections-worker,1
jeb-hensarling,4
matt-miller,2
donald-trump-jr,2
mark-sanford,2
karen-bass,1
protect-your-vote-ohio-protect-your-vote-ohio,1
stephen-sweeney,8
steve-santarsiero,1
robert-hagan,2
focus-family-action,3
sovereign-citizens-united,1
dan-lucas,1
richard-lugar,1
catherine-taylor,2
ryan-lizza,1
stefani-carter,2
michael-mc-auliff,1
national-association-gun-rights,1
patrick-kennedy,4
save-flexible-spending-plans,1
richard-land,1
carlos-trujillo,1
glenn-hegar,3
americans-tax-reform,6
kevin-boyce,2
paula-dockery,2
rich-zipperer,1
todd-tiahrt,1
matt-wand,1
jack-reed,7
bill-montford,1
samir-chachoua,1
jennifer-horn,4
joe-garcia,2
brad-schneider,1
eric-turner,1
alberta-darling,6
american-petroleum-institute,2
ameripac,2
ismael-ozanne,1
kernan-kerry-king,1
secure-america-now,2
critics-water-fluoridation,1
chain-email,142
tom-price,11
sabino-pio-renteria,1
alisha-thomas-morgan,1
enough-already-wisconsin-inc,1
ted-gatsas,1
peter-defazio,6
georgia-state-road-and-tollway-authority,1
lisa-boothe,1
kurt-browning,1
john-bolton,1
donna-campbell,2
kesha-rogers,2
ron-paul,31
mark-hass,3
phil-kent,1
lee-camp,1
jan-crawford,1
jonathan-steitz,1
howard-fineman,1
brett-hulsey,5
alliance-retired-americans,1
presente,2
rose-ferlita,1
scott-desjarlais,2
elaine-boyer,2
josh-shapiro,1
kurt-schrader,4
terry-gorman,3
michael-opitz,1
joseph-joe-deshotel,1
arthur-cyr,1
craig-melvin,1
basil-seggos,1
naha-daily,1
kim-guadagno,3
jeff-graham,1
charlie-gonzalez,2
tom-fanning,1
ken-tanner,1
dick-cheney,14
greg-gutfeld,1
darryl-glenn,1
tom-nelson,2
pardeep-kaleka,1
james-woods,3
no-60-campaign-against-condom-requirement-adult-fi,1
us-chamber-commerce,13
thurbert-baker,1
league-women-voters-texas-education-fund,1
lou-ann-zelenik,1
ron-oakley,1
jim-moore,1
daniel-mielke,1
moms-rising,2
jackie-cilley,1
david-ignatius,1
newsmax,1
donna-howard,6
heather-moore,1
justin-amash,1
progressive-change-campaign-committee,2
susan-yoshihara,1
jon-kyl,9
chris-thomas,1
new-hampshire-democratic-party,9
daily-mail,1
jeff-clemens,1
steven-teske,1
right-rise,2
sam-rashid,1
joe-morrissey,1
peter-schweizer,2
robert-gates,1
dave-obey,1
rana-foroohar,1
duriya-farooqui,1
state-tea-party-express-state-tea-party-express,1
curtis-martin,1
robert-hurt,5
state-rep-brian-clem-d-salem,1
citizens-united-political-victory-fund,2
dick-black,1
patti-doyle,1
matt-bevin,1
van-jones,4
robert-brown,3
dwight-holton,1
cq-press-city-crime-rankings-2010-2011,1
bing-west,1
marie-corfield,1
arizona-house-democrats,1
evan-goyke,1
judith-zaffirini,1
rodney-ellis,3
david-gregory,2
john-skvarla,1
tom-scott,1
richard-besser,1
citizens-fairness,1
ken-cuccinelli,18
jeff-kottkamp,4
raymond-frank,1
bob-wirch,2
rush-holt,6
georgia-farm-bureau,1
ward-armstrong,5
craig-miller,1
rees-lloyd,1
sameh-shoukry,1
martin-smith,1
sheldon-whitehouse,20
andy-gardiner,1
creative-advocacy-network,2
sierra-club,3
wayne-rogers,1
mark-warner,19
newt-gingrich,69
buddy-carter,1
nathan-deal-and-roy-barnes,1
joseph-trillo,2
artur-davis,1
justin-trudeau,1
arizonans-responsible-drug-policy,2
blog-posting,59
george-allen,19
ronnie-earle,1
virginia-lottery,1
russ-feingold,15
reed-gusciora,1
libertarian-party-broward-county,1
fred-clark,3
new-approach-oregon,2
christopher-plante,2
scott-lingamfelter,1
d-king,1
steve-stockman,5
naturalnewscom,1
john-duncan,2
thom-hartmann,2
joanne-kloppenburg,6
obama-girl,1
dana-milbank,2
robert-deuell,1
martha-mcsally,1
michael-williams,1
sandy-adams,1
oregon-education-association,1
my-city-bikes,2
jack-trammell,1
gary-lambert,1
republican-state-leadership-committee,1
alan-hays,3
university-oregon,1
ridesharing-works-austin,1
eric-greitens,4
rob-eissler,1
bill-bradbury,1
donna-nesselbush,1
william-howell,3
randy-forbes,11
brit-hume,3
joel-keehn,1
lee-may,3
saxby-chambliss,11
bruce-starr,1
romney-allies,1
nancy-ann-deparle,1
james-capretta,1
kimberly-guilfoyle,2
ronan-farrow,1
paul-bettencourt,1
anthony-weiner,3
citizens-transportation-mobility,3
protect-oregon-driver-licenses,1
coalition-stop-gun-violence,1
eva-marie-mancuso,1
joe-atkins,1
charles-van-zant,2
ezekiel-emanuel,1
bonnie-reiss,1
accountability-government,1
lauren-hitt,1
arizona-grassroots-action-pac,2
jody-conradt,1
arne-duncan,5
tom-toles,1
geraldine-thompson,1
martin-kiar,1
forbes-blog,1
pam-bondi,7
glenn-greenwald,1
national-right-life-committee,5
ray-mcberry,1
mike-honda,1
bob-marshall,3
helen-glover,3
bruce-rauner,2
colin-van-ostern,2
dana-perino,2
americans-against-food-taxes,1
bob-gibbs,5
american-commitment,2
steven-frias,2
vicky-hartzler,2
todd-staples,9
republican-state-senators,1
levar-stoney,3
mike-keown,1
marylanders-prevent-gun-violence-education-fund,1
christopher-peace,1
kevin-dewine,2
john-dennis,1
general-beauregard-beau-lee,1
steve-wise,1
vicki-shabo,1
rhue-reis,1
ted-olson,1
blake-farenthold,1
kal-penn,1
dccc-lgo,1
yard-sign,1
marshall-faulk,1
don-mcintire,1
john-kline,1
steve-poizner,3
mark-brodeur,1
elena-kagan,2
commonsense-ten,1
tom-ganley,3
angela-bean,1
louie-gohmert,8
florida-students-concealed-carry,1
chuck-donovan,1
league-women-voters-florida,1
richard-ferruccio,2
ellen-freidin,1
liberal-bloggers,1
philip-keefe,1
peter-barca,8
eric-gray,1
gsu-alumni-association,1
michael-roberson,2
todd-hunter,1
henry-kissinger,1
jim-taricani,1
chet-edwards,3
carl-heastie,1
woody-degan,1
scott-peters,1
defending-main-street,1
thomas-norment-jr,1
tom-rooney,2
gus-bilirakis,2
justin-hewlett,1
ron-stephens,1
naacp,2
wisconsin-humane-society,1
ami-bera,3
ryan-downton,1
keith-faber,4
roy-cooper,5
george-flinn,2
eric-eisnaugle,1
bono,2
kate-brown,1
james-inhofe,1
cormick-lynch,1
kevin-brady,2
wisconsin-family-action,1
dick-morris,2
gayle-atteberry,1
video,1
rhode-island-tea-party,1
rahm-emanuel,6
dennis-jones,1
major-garrett,1
michael-savage,2
mr-conservative,2
joseph-mcnamara,3
melanie-crozier,1
leonard-lance,4
andrew-napolitano,6
ocean-state-policy-research-institute,3
raw-story,1
john-klenke,1
emilys-list,5
donna-edwards,1
florida-chamber-commerce,5
michael-cutler,1
jonathan-stickland,1
dale-kooyenga,4
dominick-marino,1
alissa-keny-guyer,1
daniel-rodriguez,1
james-clyburn,3
larry-elder,3
theresa-price,1
sylvia-romo,1
ron-hayduk,1
garnet-coleman,4
michael-schrunk,1
united-fair-economy,1
larry-ahern,1
dick-armey,3
rick-mcallister,1
nevada-assembly-republican-candidates,1
wisconsin-medical-society,1
frank-guinta,4
color-change,1
laurie-monnes-anderson,1
sara-stevenson,1
roxanne-ross,1
liberty-institute,1
cynthia-lummis,1
frank-pallone-jr,1
peter-nehr,1
bill-weimer,1
janet-howell,1
wendy-davis,19
jeff-mann,1
david-pepper,1
david-axelrod,18
hillsborough-area-rapid-transit-hart,1
vote-no-8,1
jonathan-karl,1
rick-saccone,1
randy-leonard,1
tom-barrett,23
elliott-naishtat,2
ohio-federation-teachers,1
jason-isaac,4
sharron-angle,5
ron-klein,3
dean-cannon,2
david-miliband,2
texas-values,2
robert-menendez,11
antonio-sabato-jr,1
occupied-wall-street-journal,1
michael-caputo,1
john-chisholm,1
mike-thompson,1
turn-right-usa,1
eugene-mckenna,2
mike-fasano,2
phil-king,1
libertarian-national-committee,1
dave-joyce,2
health-care-america-now,3
gene-mcintyre,1
ron-amstutz,1
michael-tyler,1
alexander-snitker,1
sylvester-turner,4
harris-faulkner,1
amy-kremer,2
barbara-buono,10
israel-oquinn,1
carla-smith,1
goldie-taylor,1
david-watts,1
alcee-hastings,4
libraries-yes-committee,3
mike-dewine,7
beverly-hall,2
chris-collins,1
afscme-people,1
thom-tillis,3
jay-hottinger,3
battleground-texas,2
rob-turner,2
steve-crisafulli,2
tim-kaine,44
linda-finn,1
vernon-jones,1
texas-automobile-dealers-association,1
brigid-shea,2
louis-marinelli,1
sandra-cunningham,1
workers-voice,4
raul-labrador,2
yes-84,1
peter-king,5
mike-hymes,1
david-simpson,2
us-department-housing-and-urban-development,1
karen-harrington,2
john-obannon,1
internet-commenters,2
georgia-voice,1
florida-first-project,1
mike-villarreal,6
joe-gibbons,1
john-charles,2
harold-ford-jr,1
tim-ziemer,1
dan-fanelli,1
burger-king,1
bill-clinton,31
jim-lampley,1
clint-eastwood,1
gordon-challstrom,1
rebecca-kleefisch,9
howard-marklein,1
dannel-malloy,1
harry-reid,23
choose-new-jersey,1
rhode-island-aclu,1
donna-seidel,2
jerry-falwell,1
lights-liberty,1
bike-austin,1
mark-kirk,3
john-thune,2
victoria-seaman,1
sanford-bishop,3
john-lehman,1
scott-garrett,1
young-americans-liberty,1
paul-sarlo,2
einer-elhauge,1
bob-stacey,2
joseph-testa,1
steve-lonegan,5
carlos-gimenez,1
janet-napolitano,3
florida-hometown-democracy,1
pat-robertson,1
john-king,2
michael-turner,3
doug-muder,1
mark-clayton,1
valinda-bolton,1
liberal-blogger,1
big-gamble-nj,1
chris-malone,1
betty-sutton,6
dubose-porter,2
robert-kraig,1
rick-scott,115
scott-bruun,3
donna-shalala,1
wisconsin-education-association-council,1
j-xavier,1
paul-begala,3
ted-wheeler,1
nancy-devaney,2
raymond-lesniak,1
north-carolina-republican-party,1
livable-damascus,1
robert-puente,2
mario-diaz-balart,2
joe-pitts,3
addicting-information,1
emma-darnell,1
we-are-milwaukee,1
cornel-west,1
becky-moeller,2
rebecca-bell-metereau,1
don-pridemore,1
norcross-city-council,1
american-principles-action,1
laurence-ehrhardt,1
mayors-against-illegal-guns,1
ew-jackson,2
alliance-defending-freedom,1
alan-krueger,1
steny-hoyer,8
mike-foley,2
jim-mcgreevey,1
paul-summers,1
hilary-rosen,1
fox-news-channel,1
jefferson-smith,8
lainey-melnick,1
college-presidents,1
pat-roberts,3
us-uncut,1
brad-avakian,2
centre-research-globalization,1
jay-carney,6
jennifer-carroll,1
jim-doyle,1
mike-plant,1
we-are-ohio,3
dan-stein,1
diane-allen,1
joshua-miller,1
mike-polensek,2
patience-roggensack,3
wes-riddle,2
marilinda-garcia,1
ed-whitacre,1
education-action-group,1
ted-cruz,93
eddie-bernice-johnson,2
rob-zerban,1
carlos-curbelo,2
chris-redfern,6
donny-deutsch,1
joe-lieberman,4
stacey-evans,1
chris-taylor,3
john-lott,1
snooki,1
roger-stone,1
ken-detzner,1
lone-star-first,1
viral-buzzfeed,1
dan-lungren,1
chris-coons,2
gary-schaer,1
gary-peters,1
kelda-helen-roys,1
neil-cavuto,1
ilyse-hogue,1
bill-johnson,2
tweets,10
blue-oregon,1
hector-uribe,1
robin-wright,1
tom-letson,1
recoverygov,1
no-67,1
phil-roe,1
paul-doughty,2
democratic-party-virginia,6
mick-mulvaney,1
dawson-hodgson,1
debbie-mayfield,1
raymond-lahood,3
richard-durbin,2
joe-pojman,1
david-cicilline,26
carolyn-medeiros,1
oregon-2014,1
donna-garner,1
christine-gilbert,1
rick-north,1
united-care,2
GaGOP,4
bob-casey,1
loren-collins,1
democratic-party-oregon,3
richard-franklin-iii,1
john-roberts,1
patrick-lynch,2
david-dooley,1
barbara-cargill,1
dale-peterson,2
charley-wilkison,1
austin-fund-quality-healthcare,1
hunter-schwarz,1
joe-roman,1
ian-bremmer,1
andy-duyck,1
matthew-hill,1
john-garamendi,1
john-bolton-superpac,1
republican-party-wisconsin,10
bob-corker,5
lamar-smith,13
ben-carson,25
christopher-blazejewski,3
kathie-tovo,3
kathleen-sebelius,6
one-wisconsin-now,5
lucy-flores,1
diane-hurley,1
bob-seger,1
mark-critz,1
susan-shapiro,1
john-taylor,1
jim-greer,1
donna-brazile,11
steve-kagen,1
bart-stupak,3
dean-obeidallah,1
john-fredericks,1
chris-mccalla,1
firearms-policy-coalition,1
rod-monroe,1
gwen-graham,2
martha-raddatz,1
paul-workman,1
spike-romney-attack-dog,1
new-jersey-democratic-state-committee,3
mike-collins,2
ronald-rice,1
no-56-campaign,2
christopher-monckton,1
colleen-conley,1
american-beverage-association,1
jerry-patterson,8
stephen-nodine,1
judicial-confirmation-network,1
reid-ribble,2
diane-douglas,1
hillary-clinton,239
al-sharpton,3
curt-schilling,1
billboard-spaghetti-junction,3
glee,1
jeannette-vaught,1
ernest-moniz,1
robert-bennett,1
bill-mccoshen,1
mike-tate,4
marcia-fudge,7
john-burzichelli,1
lois-frankel,2
protect-your-vote,1
eugene-robinson,1
michael-burgess,2
lisa-blais,1
christine-whitman,1
vernon-keenan,1
doris-kearns-goodwin,1
brian-sims,1
pew-environment-group,1
george-lemieux,12
debbie-jackow,1
zephyr-teachout,1
miss-california-usa,1
michael-murphy,1
david-boies,1
john-loud,1
jennifer-granholm,5
nicholas-kristof,3
roger-goodell,2
hans-von-spakovsky,1
multnomah-county-library-foundation,1
regina-benjamin,1
kathleen-vinehout,3
mika-brzezinski,1
jim-steineke,1
joe-zepecki,1
keep-promise-1-pac,2
jim-skaggs,1
vance-smith,1
ruben-hinojosa,1
genevieve-wood,1
burrell-ellis,1
robert-malin,1
american-bird-conservancy,1
billhislamcom,1
larry-pratt,2
league-women-voters-austin-area,2
tennessee-democratic-party,5
associated-press,1
traditional-values-coalition,1
heineken,1
mark-sickles,1
mike-dudgeon,1
calvine-rollins,1
chris-riley,1
jim-patterson,1
arlen-specter,2
scott-rigell,5
julian-bond,1
tom-steyer,1
gary-black,2
larry-kilgore,1
bruce-elfant,3
anthony-rendon,1
dan-gelber,7
debbie-riddle,1
scott-keyes,2
luis-alejo,1
cory-mason,2
emanuel-cleaver,1
conservatives-patients-rights,1
austin-scott,2
common-cause,1
mark-herring,3
greater-wisconsin-political-fund,9
steve-ogden,2
marc-lamont-hill,1
holly-turner,2
ben-shapiro,1
tom-kean-sr,2
jonathan-harris,1
don-young,1
david-perdue-files,1
roy-blunt,4
steve-mcqueen,1
freedom-religion-foundation,1
amy-schumer,2
lorraine-fende,1
18-percent-american-public,2
chris-smith,1
armond-budish,5
morgan-brittany,1
julie-pace,1
francisco-quico-canseco,1
herman-cain,23
charles-schumer,6
sergio-marchionne,1
carla-axtman,1
bill-oneill,1
janet-murguia,1
vicki-saporta,1
eric-cantor,23
marco-rubio,117
cathy-mcmorris-rodgers,2
herb-kohl,2
barbara-comstock,3
john-sharp,1
anitere-flores,1
david-dewhurst,29
david-simas,1
bill-janis,1
credo-action,1
florida-voter,2
mike-pence,27
michele-walsh,1
jane-kidd,2
veronica-escobar,1
mike-rawlings,1
john-fetterman,1
oregon-environmental-council-oregon-business-assoc,1
nia-gill,1
lawrence-odonnell,6
barbara-ann-radnofsky,1
elise-stefanik,1
keep-conservatives-united,2
steve-goreham,1
georgia-department-public-health,1
libre-initiative,2
trusted-leadership-pac,1
chris-widener,1
maryellen-oshaughnessy,2
morgan-carroll,1
sheila-oliver,5
joe-barton,5
jb-van-hollen,1
lamar-mckay,1
daily-caller,2
chris-gregoire,1
rich-lowry,2
john-elkhay,1
naral-pro-choice-america,2
david-sewell,1
dwayne-bohac,1
mike-rogers,6
pete-sessions,2
xi-jinping,1
roy-zimmerman,1
jon-husted,6
jim-webb,6
robert-singer,1
american-unity-pac,1
josh-mandel,22
sonji-jacobs,1
desmond-meade,1
blake-rocap,1
glenford-shibley,1
safety-all-initiative,2
frederica-wilson,4
catherine-hanaway,3
shirley-anderson,1
farouk-shami,4
brook-hines,1
david-clarke-jr,11
david-caton,1
bob-barr,2
joe-biden,63
kenneth-block,7
media-matters,1
kirk-cox,1
dennis-richardson,6
lincoln-chafee,17
jennifer-shilling,4
ibdeditorialscom,2
penny-bernard-schaber,1
michael-denbrow,1
connie-stokes,1
matt-wingard,1
ileana-ros-lehtinen,2
dave-brat,9
jeb-bush,63
bob-mcdonnell,37
ellyn-bogdanoff,3
jeanine-pirro,1
daniel-greenfield,1
ryan-eller,1
jessica-king,1
john-edwards,12
amardeep-kaleka,1
stuart-varney,1
bobby-jindal,8
nj-can,1
terry-lawler,1
jeff-weems,1
atlanta-neighborhood-association,1
bill-kennemer,1
jim-mowrer,1
charles-boustany,1
atlanta-braves,1
allen-boyd,1
george-turner,1
plantsneedco2org,1
brian-patrick-kennedy,1
barbara-sharief,1
americans-prosperity-florida,3
bob-ryan,1
national-taxpayers-union,2
michael-bloomberg,8
kip-kendrick,1
harry-houck,1
lloyd-doggett,9
susan-pitman,1
elizabeth-ames-jones,2
al-cardenas,1
arthenia-joyner,2
james-dobson,2
ohio-department-transportation,1
renee-unterman,2
american-bridge-21st-century,6
buzzfeed,1
james-vincent,1
patrick-moore,1
yes-62-death-penalty-repeal,1
kathie-glass,1
north-korea,1
david-quiroa,1
warren-buffett,1
david-barton,3
bill-nelson,23
building-better-ohio,3
jon-obrien,1
national-republican-senatorial-committee,24
elizabeth-roberts,4
mike-schaufler,1
national-border-patrol-council,1
crime-victims-united-oregon,1
douglas-holtz-eakin,1
national-partnership-women-families,1
bruce-braley,3
waco-tea-party,1
david-silverman,1
bill-de-blasio,1
brendan-doherty,6
chris-bollwage,1
priorities-usa-action,9
shelley-adler,2
jim-jordan,8
leticia-van-de-putte,10
candy-crowley,1
jack-murphy,1
leon-young,1
jack-kingston,6
brian-schweitzer,1
joel-klatt,1
bob-buckhorn,5
cnn,1
common-sense-now,1
kinky-friedman,2
deborah-kafoury,1
michael-mule,1
wisconsin-contractor-coalition,1
sam-brownback,3
texas-public-policy-foundation,1
texas-liberty-pac,1
jamie-samons,1
funny-or-die,1
roberto-alonzo,1
planned-parenthood-action-fund,1
forecast-facts,1
jeff-miller,2
anissa-naouai,1
dave-hansen,1
florida-conference-catholic-bishops,1
charlie-justice,4
tammy-baldwin,22
peter-morici,1
jeff-flake,1
peter-kinder,3
larry-sabato,2
citizens-lower-taxes-and-stronger-economy,5
our-portland-our-schools,1
marcus-low,1
jill-stein,3
akbar-al-baker,1
texas-state-employees-union,1
steve-latourette,3
john-kirby,1
diana-degette,2
duncan-hunter,4
anna-little,2
paul-lepage,1
don-willett,1
courageous-conservatives-pac,1
diego-arene-morley,1
eric-holder,3
gavin-newsom,3
adam-putnam,7
jeffrey-loria,1
claire-suggs,1
charlie-hales,5
charlotte-nash,6
john-legend,1
citizens-michael-mcauliffe-and-house-republican-or,1
karina-wood,1
lou-dobbs,4
leslie-curran,1
tim-knopp,2
chris-danou,1
progress-texas,6
eleanor-holmes-norton,1
michael-chippendale,3
jorge-ramos,4
joaquin-castro,4
michael-sullivan,5
dianne-feinstein,3
sheila-harsdorf,1
barbara-boxer,9
protect-american-jobs,1
michael-riley,4
senate-republican-conference,2
leah-ward-sears,1
bill-white,19
pink-pony,2
wesley-clark,1
doctors-healthy-georgia,1
laura-ingraham,6
jack-hanna,1
ted-piccolo,1
virginia-first-foundation,1
majority-pac,2
george-will,25
national-federation-independent-business-florida,1
michelle-litjens,1
greta-van-susteren,2
planned-parenthood-pac,1
cornell-william-brooks,1
wayne-lapierre,5
mark-drewniak,1
we-people-petition,1
corrine-brown,2
pete-hegseth,1
stephen-lisauskas,1
kai-ryssdal,1
dan-coats,1
texas-future,1
charlene-lima,2
direct-action-rights-equality,1
texans-accountable-government,1
rich-golick,1
jim-rubens,2
elizabeth-cohen,1
kelli-stargel,2
penny-pritzker,1
duane-hall,1
al-hunt,2
paul-babeu,1
pat-mullins,1
preston-smith,1
gerald-mccormick,1
david-cote,1
winning-democrats,1
eva-galambos,1
stephanie-desilva,1
john-e-sununu,1
katie-mcginty,3
dennis-baxley,1
allen-peake,1
bill-cassidy,1
fred-upton,1
vincent-fort,5
david-frum,2
ron-desantis,1
tim-canova,4
michelle-nunn,5
herb-conaway,1
citizens-protect-transportation-funding,1
mike-martinez,6
multnomah-county,1
chuck-hagel,1
monica-wehby,4
patrick-johnston,1
john-bradley,1
winning-our-future,8
george-holding,1
rick-green,1
chris-garrett-bill-kennemer,1
distilled-spirits-council-united-states,1
tennessee-republican-party,2
jim-demint,8
steve-loomis,1
chuck-fleischmann,1
martavius-jones,1
nick-ciparro,1
gary-cobb,1
60-plus-association,2
portlanders-water-reform,1
david-sutton,1
adam-kinzinger,3
rebecca-bradley,2
charles-cooper,1
cocks-not-glocks,1
thomas-brown,1
house-republicans,7
tom-mcclintock,1
steve-archambault,2
eva-longoria,1
joe-scarborough,10
tucker-carlson,2
gregory-j-costantino,1
angel-taveras,4
john-barge,3
doug-otto,1
raymond-gallison,1
rainbowpush-coalition,1
john-pistole,1
alternativepac,1
chris-dodd,6
tim-finchem,1
john-thrasher,5
nathan-deal,43
mike-scott,1
john-boccieri,1
ralph-nader,4
john-wisniewski,8
get-equal-texas,1
chris-dorworth,1
val-demings,1
tim-curtis,1
richard-corcoran,2
allen-alley,1
vince-megna,1
barack-obama,493
tom-niehaus,1
dennis-kucinich,19
trevor-noah,1
florida-democratic-party,18
barbara-lee,2
martha-laning,1
ben-cannon,1
scott-turner,1
aclu-north-carolina,1
john-rafferty,1
linda-koop,1
kevin-cameron,1
progress-austin-pac,1
marion-hammer,3
john-g-edwards,1
no-casinos,1
joe-sestak,3
jonathan-jarvis,1
allen-buckley,1
sergey-lavrov,1
floridians-solar-choice,1
george-nee,1
marla-stephens,1
robert-gibbs,7
kofi-annan,1
warren-chisum,1
texas-veterans-commission,1
glen-sturtevant,1
tom-marino,3
michael-j-gardiner,2
john-carter,8
tom-graves,7
michelle-rehwinkel-vasilinda,1
dana-young,2
progress-florida,1
sean-hannity,15
pat-kreitlow,1
karen-handel,10
sarah-palin,52
stu-burguiere,1
helio-melo,1
anne-nolan,2
gwen-moore,17
bill-posey,1
charlotte-bergmann,1
georgia-green-party,1
b-heath-mitchell,1
no-tax-tracks,4
citizens-against-rail-taxes,1
stacey-abrams,3
ken-legler,1
cathie-adams,3
bernie-s,89
andrew-cuomo,5
hillary-mann-leverett,1
steven-schale,2
arianna-huffington,5
sly-james,1
liz-cheney,1
mike-enzi,1
rhode-island-senate,1
nancy-jester,1
leonard-pitts-jr,1
james-florio,2
freedom-partners-action-fund,3
doug-miller,1
david-rible,1
rob-teilhet,2
ken-langone,1
dolores-gresham,1
sher-valenzuela,1
rand-paul,39
mark-hinkle,1
beatrice-lanzi,1
democratic-congressional-campaign-committee,26
tom-perriello,2
larry-valencia,1
elizabeth-dennigan,1
clay-dafoe,1
lynda-rife,1
john-scocos,1
chris-telfer,1
chris-sununu,3
actionaid-k,2
mark-dayton,1
james-brown,1
julian-castro,9
alan-powell,1
david-holmes,1
frank-lautenberg,8
make-us-great-again,1
tom-harkin,3
ted-ferrioli,1
judy-shiprack-diane-mckeel,1
henry-cisneros,1
luis-garcia,2
richard-blumenthal,1
cory-booker,18
house-majority-pac,1
pro-life-wisconsin,1
sally-kohn,2
jim-kyle,1
protect-families-first,1
carl-hosticka,1
la-raza,1
florida-badass-teachers-association,1
bob-donovan,2
megyn-kelly,5
bill-belichick,1
clackamas-county-commission,1
marc-schare,1
sandra-smith,1
lois-kolkhorst,2
frank-ortis,1
charley-english,1
new-georgia-encyclopedia,1
federal-transit-administration,1
darrell-issa,3
tim-cook,1
antonin-scalia,1
broward-democratic-executive-committee,1
kitty-boitnott,3
national-organization-marriage,2
pat-carlson,1
bobby-scott,10
georgia-state-senators,1
bill-kristol,4
tom-petri,1
richard-shelby,1
state-democratic-party-wisconsin,20
institute-womens-policy-research,1
mt-hood-community-college,1
frank-lobiondo,1
emergency-committee-israel,2
tobias-read,1
breitbart,2
michelle-mosby,1
jan-patterson,1
mike-gallagher,1
abel-collins,1
john-burton,1
broward-republican-executive-committee,1
jeanne-shaheen,8
brad-woodhouse,1
aziz-ansari,1
allan-levene,1
craig-james,2
washington-examiner,1
adam-schefter,1
charlie-smith,1
michelle-malkin,3
tom-mechler,1
chuck-baldwin,1
now-or-never-pac,1
bornalivetruth-org,1
ken-mercer,1
pat-toomey,8
joe-manchin,2
kevin-otoole,1
patricia-morgan,2
lisa-baldelli-hunt,1
gina-hinojosa,1
john-axford,1
women-wall,1
michael-t-owens,1
bryan-long,1
james-bennett,1
impact-america,1
lynn-jenkins,1
national-association-manufacturers,1
jana-duty,1
mike-huckabee,37
americans-united-life,1
jon-huntsman,13
mark-pocan,7
steve-scalise,1
rob-wittman,3
ron-fournier,1
rhode-island-center-freedom-and-prosperity,2
ramey-ko,1
pamela-geller,2
committee-our-childrens-future,2
ian-lang,1
we-love-usa-pac,1
our-democracy-2020,1
earl-blumenauer,5
scott-surovell,1
daniel-mckee,2
michael-skindell,1
ed-fitzgerald,3
service-employees-international-union-committee-po,3
concerned-veterans-america,2
frank-brogan,1
campaign-liberty,1
john-g-morgan,1
tim-sheehy,1
amy-hanauer,1
dale-earnhardt-jr,1
republican-governors-association,16
concerned-taxpayers-america,1
austan-goolsbee,4
georgia-family-council,1
richard-burr,2
msnbc,1
campaign-defend-america,2
bob-graham,3
red-white-and-blue-fund,1
justin-barasky,1
social-media,2
matt-lauer,1
sam-adams,10
jason-nassour,1
ron-davis,1
jane-harman,1
david-pennington,1
derek-ryan,1
steve-israel,1
AARP,1
americans-job-security,2
louise-slaughter,2
terri-lynn-land,1
daniel-webster,1
steven-rattner,2
fair-districts-florida,1
democratic-congressional-leadership,1
jd-van-brink,1
jack-conway,1
johnny-isakson,13
yg-action-fund,1
chris-hayes,1
david-jolly,7
gary-painter,1
rick-lazio,1
rob-gleason,1
ron-wyden,7
bill-pascrell,9
mary-nolan,4
deborah-ross,4
gil-kerlikowske,1
mahlon-mitchell,2
culinary-workers-union,1
john-lee,1
ed-schultz,10
e-frank-stephenson,1
paul-hirschbiel,1
william-weld,1
paul-stekler,1
gop-critics,1
danny-porter,1
josh-hawley,1
ben-nelson,1
brad-blakeman,1
gerry-connolly,5
dana-rohrabacher,1
national-republican-congressional-committee,46
kamala-harris,3
kiki-curls,1
valerie-jarrett,2
lon-burnam,2
joy-pullmann,1
holly-benson,2
colleen-kiernan,2
rula-jebreal,1
george-p-bush,3
anne-goodman,1
mary-olson,1
jim-barksdale,2
katrina-vanden-heuvel,5
ken-allen,1
bernard-jackvony,2
karl-rove,13
nicholas-kettle,1
federation-american-immigration-reform,2
van-wanggaard,2
hemant-mehta,1
eric-johnson,1
nina-turner,3
john-buss,1
catherine-cortez-masto,1
planned-parenthood-votes,1
nik-kovac,1
donald-trump,274
mike-turzai,1
al-jazeera-america,1
jason-chaffetz,1
charlie-baird,1
michael-reagan,1
philip-van-cleave,1
nancy-nathanson,1
brett-smiley,1
david-perdue,11
jeff-dickerson,1
our-city-our-safety-our-choice,1
sal-albanese,1
brent-larkin,1
dinesh-dsouza,2
joni-ernst,4
ron-johnson,37
american-future-fund,4
unbreakable-kimmy-schmidt,1
texas-right-life,4
kelli-ward,1
leslie-geissler-munger,1
pierre-thomas,2
charles-koch,2
claire-mccaskill,3
iowans-some-semblance-christian-decency,1
duf-sundheim,1
trey-gowdy,1
metropolitan-north-georgia-water-planning-district,1
duey-stroebel,1
bryant-gumbel,1
david-furhman,1
metro-atlanta-voter-education-network,1
erik-wallin,1
jack-bogdanski,1
kirk-watson,3
phil-gingrey,9
bill-haslam,4
rock-vote,1
kim-thatcher,1
brianna-keilar,1
ana-navarro,1
travis-rowley,3
michael-bennet,3
richard-pan,1
colorados-voice,1
jon-voight,1
dan-branch,1
tim-murphy,1
marina-dimitrijevic,3
numbers-usa,1
democratic-party-georgia-georgia,1
paul-krugman,14
jennette-gayer,2
sensible-transportation-solutions-austin-pac,1
tim-ryan,9
americans-prosperity,13
donald-rumsfeld,1
jim-waldman,2
tamara-holder,1
bob-duffy,1
scot-ross,1
brian-newberry,1
pray-jesus-name-project,1
committee-protect-florida,3
wayne-powell,2
morten-jerven,1
joseph-cryan,3
liz-carter,1
kareem-abdul-jabbar,1
loretta-weinberg,7
ertharin-cousin,1
keith-parker,1
amy-handlin,1
dan-flynn,2
heather-mcghee,2
gene-sperling,2
gary-chiusano,1
american-crossroads,10
john-albers,1
sandra-stotsky,1
kathy-nickolaus,1
henry-sanders,1
mike-huebsch,1
edward-markey,3
dan-saltzman,1
joe-donald,1
rudy-moise,1
grady-judd,1
loranne-ausley,2
log-cabin-republicans,2
ed-lindsey,4
wisconsin-jobs-now,1
steven-goldstein,1
julaine-appling,2
joseph-andriole,1
texas-petition,1
teresa-tanzi,1
john-mccain,148
our-principles-pac,1
todd-richardson,1
wisconsin-corn-growers-association,1
heather-beaven,1
bill-oreilly,16
ann-mclane-kuster,5
massachusetts-legislature,1
rightmarchcom,1
marcy-kaptur,14
sheila-jackson-lee,3
virginia-house-democratic-caucus,1
david-ralston,3
michael-mullen,1
jim-cooper,1
orrin-hatch,2
juan-hernandez,1
deval-patrick,1
brady-campaign-prevent-gun-violence,2
oregon-department-fish-and-wildlife,1
daniel-llanes,1
jerry-brown,7
american-postal-workers-union,1
restoration-pac,2
amalgamated-transit-union,1
florida-conservation-alliance,1
transportation-leadership-coalition,1
one-new-jersey,3
jeff-merkley,12
corey-hebert,1
nicholas-scutari,1
nationwide,1
russell-mcmurry,1
charlie-sykes,2
matt-tighe,1
austin-independent-school-district,1
janice-hahn,2
david-brooks,4
terry-mcauliffe,29
james-carville,4
portland-bureau-transportation-pbot,1
john-raese,1
chris-latvala,1
patrick-mchenry,3
robert-sarvis,2
dream-defenders,1
charlotte-lehan,2
mary-jordan,1
georgiacarryorg-georgiacarryorg,1
steven-brown,1
sheryl-cole,1
shirley-franklin,2
kim-simac,2
rachel-maddow,20
chris-wallace,2
tom-corbett,1
jill-vogel,1
cliff-stearns,2
eugene-yu,1
frank-lasee,1
ed-turanchik,1
austin-water-utility,1
john-loughlin,5
annies-list,1
bill-spelman,1
mark-zaccaria,4
paul-broun,19
jeff-fitzgerald,7
myra-signer,1
edward-flynn,5
alfonso-lopez,2
caroline-casagrande,1
gene-green,1
carolyn-maloney,1
bill-foster,5
allan-fung,8
don-zimmerman,3
steve-forbes,1
george-voinovich,2
tim-mcginty,1
pete-snyder,1
maria-bartiromo,1
glenn-grothman,9
andrea-tantaros,1
erick-erickson,4
markos-moulitsas,1
barth-bracy,2
nfederation-o-independent-business-virginia,1
state-public-service-announcement,1
steven-landes,1
jimmy-carter,6
rachel-campos-duffy,1
lou-greenwald,6
john-plumb,1
joe-defelice,1
jack-conners,1
cory-gardner,3
jill-chambers,1
rob-cornilles,7
john-robitaille,5
leo-berman,1
nicholas-gorham,1
brian-schatz,1
competitive-enterprise-institute,1
jack-berry,2
tony-capezza,1
friends-democracy,1
new-day-america,2
bryce-reeves,1
jon-runyan,4
michael-madigan,2
citizens-strong-america,1
david-stockman,1
amy-klobuchar,3
center-western-priorities,1
amanda-fritz,3
paul-skip-stam,1
judicial-watch,2
city-atlanta,4
nicholas-mattiello,4
bill-proctor,1
silvestre-reyes,3
ken-paxton,4
evan-feinberg,1
ed-garvey,2
kyrsten-sinema,1
kitty-rhoades,1
aclu-florida,3
scott-maddox,1
michael-steele,6
jay-wiley,1
michael-moore,11
doreen-costa,2
kirsten-gillibrand,2
ron-shipman,1
casey-cagle,5
jim-hightower,2
elton-john,1
alan-simpson,1
fred-risser,1
elizabeth-colbert-busch,1
georgia-gun-owners,1
dino-rossi,1
public-citizen,1
sondy-pope,3
kathleen-clyde,2
bill-lynch,2
david-bowen,1
environment-new-jersey,1
scott-walker,150
russ-fulcher,1
leon-panetta,1
dan-patrick,17
yvette-mcgee-brown,3
portland-community-college,1
bruce-hanna,2
jim-bridenstine,1
john-mica,3
stephen-king,1
curtis-foltz,1
meria-carstarphen,2
lynn-derbyshire,1
james-bell,1
phil-robertson,1
oregon-food-bank,1
john-tassoni-jr,1
jennifer-parrish,1
jerry-jones,2
ban-ki-moon,1
government-not-god-pac,6
ginny-brown-waite,3
oregon-healthy-kids,1
anonymous-activist,1
various-media-reports,1
david-corn,1
danny-tarkanian,3
ed-gillespie,11
frank-wolf,1
joseph-crowley,1
nikki-haley,3
jesse-ventura,1
larry-pressler,1
great-america-pac,1
dave-aronberg,4
national-republican-trust-pac,1
texas-department-transportation,1
tom-leppert,2
jeremy-bird,1
branko-radulovacki,1
ultraviolet,4
trebor-banstetter,1
glenn-beck,21
gloria-romero-roses,1
bret-baier,1
jim-francesconi,2
james-roosevelt,1
eric-kearney,1
online-petition,1
lets-get-work,1
huey-rey-fischer,1
baker-harrell,1
back-basics,4
chris-jacobs,1
bob-beckel,3
john-driscoll,1
rob-moshein,1
dan-micciche,1
clay-aiken,2
jimmy-massie,1
fred-thompson,13
sid-miller,7
physicians-committee-responsible-medicine,2
james-stegmaier,1
dekalb-county,2
center-individual-freedom,1
rick-scotts-starbucks-heckler,1
bob-goodlatte,9
oregon-republican-party,1
maria-teresa-kumar,1
courtney-combs,1
ray-lewis,1
jackie-speier,1
elijah-cummings,2
tom-tancredo,7
william-perry,2
john-fleming,3
david-shuster,1
chuck-grassley,3
ted-poe,2
miami-seaport-alliance,2
bob-schieffer,1
kathleen-connell,1
yolanda-adrean,1
dan-kaufman,2
erika-sanzi,1
seneca-jones,1
betty-mccollum,1
patrick-leahy,1
colleen-deacon,1
campaign-americas-future,1
texas-democratic-party,3
carol-alvarado,1
robert-henneke,1
lawrence-summers,1
jim-sensenbrenner,7
Kiplinger-com,1
joe-brown,1
anna-throne-holst,1
jeff-atwater,3
new-jersey-senate-democrats,1
tim-lee,2
matt-lundy,1
marsha-blackburn,4
jeff-chapman,1
ellen-rosenblum,2
ruths-list-florida,1
rick-kriseman,2
ralph-reed,3
joshua-feuerstein,1
andrea-mitchell,2
afscme,7
pat-mccrory,7
tony-perkins,2
dont-let-florida-go-pot,3
roberta-lange,1
kyleen-wright,1
mitt-romney,180
national-rifle-association,14
marvin-pratt,1
john-padgett,1
bloomberg-bloombergcom,1
jalen-ross,1
thomas-sowell,1
mary-burke,29
maria-shriver,1
don-beyer,5
rick-boucher,1
colin-powell,2
anne-hathaway,1
lenny-curry,2
randy-neugebauer,1
democratic-governors-association,4
Yes-on-79,1
united-florida-horsemen,1
occupational-knowledge-international,1
connservative-republicans-texas-pac,1
georgians-together,2
causa-oregon,1
american-civil-liberties-union,1
tim-griffin,1
gordon-quan,1
reader-email,2
mitch-daniels,4
heidi-heilman,1
katrina-pierson,1
atlanta-mayor-kasim-reeds-office,1
people-ethical-treatment-animals,2
rod-smith,3
jacky-rosen,2
celia-israel,2
jd-hayworth,5
connie-mack,13
american-federation-children,1
chris-moews,1
libertarian-party-georgia,1
chuck-todd,6
brian-moran,1
jonah-goldberg,1
stanley-mcchrystal,1
chris-larson,10
wayne-christian,1
ban-the-box-ri,1
doctors-without-borders,2
oregon-citizens-lobby,1
peter-orszag,1
maria-sachs,2
mindy-montford,1
georgia-department-transportation,1
michael-morell,2
susan-combs,4
ohio-oil-and-gas-association,1
rudy-giuliani,36
chris-murphy,2
bill-mitchell,1
frank-caprio,4
christina-romer,1
juan-williams,6
bryan-underwood,1
steve-spinnett,1
sarah-ponder,1
richard-codey,1
buddy-roemer,1
marjorie-dannenfelser,1
kent-conrad,2
obamas-heckler,1
tommy-thompson,24
stephen-hayes,4
jay-leno,1
dan-kapanke,2
stop-57-campaign,1
jerome-buting,1
mark-butler,1
californians-lower-drug-prices,1
william-barber,1
debbie-dooley,3
ann-coulter,11
jd-alexander,5
free-market-florida,1
matt-damon,1
cecilia-munoz,1
michele-bachmann,46
texans-americas-future-pac,1
charles-chuck-spahos,1
randi-weingarten,2
ruben-kihuen,1
chris-christie,78
tammy-duckworth,3
steve-acenbrak,1
oregon-right-life-pac,1
pat-boone,3
planned-parenthood,5
allen-west,19
peter-beinart,1
joe-leibham,1
mark-neumann,8
americannewscom,2
league-conservation-voters,2
dave-weldon,3
georgia-lottery,2
votevetsorg,2
nh-afl-cio,1
ted-kanavas,1
kevin-levitas,1
wesley-smith,1
lauren-benedict,1
kevin-reilly,2
georgia-association-latino-elected-officials,1
art-acevedo,1
timothy-dolan,1
friends-greenlight,1
michael-cohen,1
mike-haridopolos,6
kathleen-ford,2
constitutional-rights-pac,1
atlanta-journal-constitution,1
celine-gounder,1
karl-king,1
graeme-zielinski,1
jimmy-barrett,1
alison-littell-mchose,1
terry-russell,1
annise-parker,1
americans-commonsense-solutions,1
floridians-ethics-and-truth-politics,2
central-falls-police-department,1
kay-hagan,4
william-johnson,1
jay-nixon,2
arnold-schwarzenegger,1
wisconsin-manufacturers-and-commerce,6
jim-carrey,1
randy-hopper,1
denise-grimsley,1
kevin-rader,1
hugh-hewitt,1
ralph-mollis,1
josh-earnest,1
delia-garza,1
xavier-becerra,2
lisa-bloom,1
snapchat,1
robert-kando,1
peter-kilmartin,4
reince-priebus,19
wall-street-journal-editorial-page,1
chris-devaney,1
national-education-association,1
alex-castellanos,1
andy-craig,1
ending-spending-action-fund,2
milwaukeeans-self-governance,1
suzanne-bonamici,5
bill-batchelder,7
michael-thurmond,2
susan-latvala,1
mark-strama,1
steve-moore,3
haley-barbour,2
billboard,1
james-aubin,1
linda-curtis,1
tax-foundation,1
matthew-dowd,6
michael-julian-bond,1
kari-chisholm,1
esquire-magazine,1
eugene-sepulveda,1
carlos-beruff,4
Ballesteros,1
tom-delay,2
freedom-and-responsibility-pac,1
gonzalo-barrientos,1
friends-voter-owned-elections,1
hilary-treadwell,1
robin-vos,11
lamar-alexander,7
callista-gingrich,1
clay-cox,1
rosa-delauro,1
save-americas-postal-service,1
chuck-norris,1
rob-astorino,1
sharon-day,1
nancy-grace,2
franklin-graham,1
judy-manning,1
tom-kean-jr,2
texas-house-democratic-caucus,1
ernest-almonte,2
jim-marston,1
don-lemon,2
associated-industries-florida,2
trent-franks,3
sean-duffy,12
nick-tsiongas,1
americans-prosperity-north-carolina-chapter,1
tim-james,1
joe-wilson,1
robert-dold,1
joe-donnelly,1
efrain-de-la-fuente,1
scott-jones,2
marc-katz,1
american-energy-alliance,2
senate-leadership-fund,2
gary-johnson,15
michelle-rhee,1
new-jersey-education-association,3
wayne-thorburn,1
kelly-cassidy,1
fulton-county-government,1
jesse-jackson,2
americas-health-insurance-plans,2
john-lewis,1
george-w-bush,4
michael-eric-dyson,2
dennis-moss,1
kathleen-murphy,1
benjamin-crump,1
e-gordon-gee,1
ken-plum,2
bob-hackworth,1
robert-dimuccio,1
new-jersey-assembly-democrats,1
alex-wan,1
roy-barnes,7
steve-chabot,1
mark-schlereth,1
kris-jordan,2
josh-fox,1
ben-affleck,1
freedom-partners,1
miscellany-blue,1
john-oliver,6
scott-fitzgerald,2
dustin-inman-society,1
don-gaetz,6
broward-county-medical-association,1
fix-austin-schools,1
tina-rosenberg,1
georgia-department-economic-development,1
jeffrey-toobin,1
charlie-bethel,1
tony-evers,1
javier-m-gonzales,1
oregon-league-conservation-voters,1
linda-mcmahon,1
milwaukee-police-association,1
jim-mcdermott,3
thomas-ratliff,1
greg-abbott,34
roy-moore,1
cleta-winslow,1
patriot-majority-usa,4
campaign-regulate-marijuana-alcohol,2
nowthis,2
david-porter,1
jim-whelan,3
joshua-mckoon,1
solar-energy-fairness,1
paul-bedard,1
anthony-bucco,1
samuel-wurzelbacher,2
wisconsin-sierra-club,1
john-oxendine,2
new-jersey-tea-party,1
alex-mcmurtrie-jr,1
jim-huffman,2
sherry-sylvester,1
molly-white,1
robert-flanders,1
empower-texans,2
paul-valletta,1
jay-webber,1
harry-alford,1
jon-brien,1
jack-ohman,1
john-boehner,50
stephen-colbert,5
rosemary-lehmberg,1
roberto-dasilva,2
sheri-gallo,3
nextgen-climate,2
martin-omalley,14
democratic-national-committee,25
chris-matthews,5
glenn-nye,1
rodney-frelinghuysen,3
violence-policy-center,1
robin-schimminger,1
nick-gillespie,1
mark-miller,3
rachel-oconnor,1
peter-palumbo,6
charles-reed,1
fred-karger,1
david-raynor,1
van-taylor,1
instagram-posts,1
bob-sears,1
virginia-tea-party-patriots,1
florida-consumer-action-network,1
stacy-white,1
mark-pryor,2
claudia-tenney,1
scott-hochberg,1
richard-saslaw,6
jeff-judson,1
lynn-westmoreland,5
jon-keyser,2
oregon-center-public-policy,1
will-wynn,1
end-citizens-united,1
jim-bohl,1
gerald-daugherty,1
elaine-phillips,1
michelle-obama,9
mike-ryan,1
al-gore,4
susan-b-anthony-list,2
agenda-project,2
joseph-henchman,1
john-currie,1
providence-city-council,1
steve-buckstein,1
bikeportlandorg,1
jamie-radtke,6
raymond-bateman,1
ron-dermer,2
conservative-solutions-pac,4
senior-citizens-league,2
nadine-smith,1
ovide-lamontagne,1
advancing-wisconsin,1
broward-county-police-benevolent-association,1
jack-falanagan,1
mary-n,1
upendra-chivukula,2
clay-pell,2
luis-gutierrez,5
jeff-tittel,2
americans-prosperity-georgia-chapter,3
us-census-bureau,1
gretchen-carlson,2
sherrod-brown,23
maggie-hassan,9
stephen-kretzmann,1
matt-gaetz,2
ross-douthat,1
peter-feigin,1
vincent-barrella,1
bumper-sticker,1
texas-organizing-project,1
future-pac-oregon-house-democrats,2
occupy-providence,1
aclu-georgia-foundation,1
steven-king,1
mark-kelly,3
doug-ducey,1
paul-levesque,1
dan-moore,1
slice-pint-brewpub,1
morgan-griffith,3
seiu-healthcare-illinois-indiana,1
victoria-cobb,1
sarah-copelin-wood,1
john-mckeon,1
gail-collins,4
tim-pawlenty,14
virginia-society-human-life,1
dan-boren,1
christine-sinicki,1
john-cortes,1
russ-carnahan,1
paul-ryan,56
mario-loyola,1
portland-public-schools,4
promote-oregon-leadership-pac-oregon-house-republi,4
mother-jones,1
ron-kind,1
gordon-robertson,1
carl-levin,1
steve-cohen,4
albio-sires,1
robert-walsh,1
charlie-crist,70
wilton-gregory,1
patients-first,1
tom-smitty-smith,1
sacramento-bee-editorial-board,6
victoria-taft,1
charlie-flemming,1
ed-rendell,1
wisconsin-transportation-builders-association,1
john-kerry,9
gilberto-hinojosa,8
barney-frank,3
lena-taylor,4
john-lombardi,1
jeff-dewit,1
lesley-cohen,1
ora-houston,1
john-kitzhaber,7
mary-mannix,1
dave-marsden,1
fred-smith,1
john-pagliarini,1
jon-erpenbach,3
pink-slip-rick,2
new-jersey-republican-state-committee,1
raul-castro,1
eric-hovde,4
nan-rich,4
health-first-wisconsin,1
clearpath-action-fund,1
george-pataki,1
frank-luntz,1
leonidas-raptakis,2
jamie-weinstein,1
nation-islam-research-group,1
dennis-ross,1
bookerfail,2
jan-schakowsky,1
debbie-wasserman-schultz,38
florida-all,1
larry-ashley,1
jose-rodriguez,1
state-farm-insurance,1
michael-medved,1
bettylou-decroce,1
thomas-tobin,1
jack-latvala,1
carol-hunstein,1
jeff-greene,9
jake-tapper,2
county-line,1
jim-sullivan,4
eddie-lucio-jr,3
next-generation-climate-action-committee,3
phil-kerpen,1
american-life-league,1
john-stone,1
sandra-williams,1
valerie-vainieri-huttle,1
bill-hammond,3
jennie-lou-leeder,1
chris-dudley,2
jason-riley,1
republican-party-texas,8
pam-stewart,2
richard-august,1
tom-cole,3
carlos-lopez-cantera,2
john-huppenthal,1
corey-stewart,3
nancy-pfotenhauer,1
charles-rangel,2
dave-yost,1
tom-cotton,11
robert-jacquard,1
drug-free-america,1
steve-doell,2
steve-adler,5
andy-puzder,1
stephanie-schriock,1
joe-negron,2
bill-powers,1
michael-cannon,1
chris-carpenter,1
walking-dead,1
rob-bovett,1
truth-accounting,1
organizing-america,3
eric-bolling,2
madison-action-fund,1
john-stemberger,3
oregon-business-association,1
clayton-county-government,1
other-space,1
rob-andrews,1
empowered-georgia,1
david-sweetser,1
basic-rights-oregon,1
mike-gravel,3
christopher-l-smith,2
lynn-howe,1
julia-sass-rubin,1
maurice-thompson,1
peggy-noonan,1
family-forward-oregon,1
cheryl-grossman,1
vincent-buddy-cianci,7
carl-paladino,1
progressohio,2
julia-hurley,1
jim-kenney,5
alliance-americas-future,1
rick-perry,142
reza-aslan,1
wisconsin-association-justice,1
jeffrey-hernandez,1
energycitizensorg,2
mike-males,1
crossroads-gps,15
linda-chavez-thompson,1
charles-odimgbe,1
elisabeth-hasselbeck,1
joyce-beatty,1
don-balfour,2
put-alaska-first-pac,1
steve-oroho,2
mike-lee,2
ben-bius,1
grover-norquist,4
mitch-mcconnell,25
better-austin-today-political-action-committee,2
florida-first-initiative,1
steve-brown,1
julie-lassa,2
revitalize-cobb,1
mike-stenhouse,5
david-englin,1
janet-bewley,1
david-scott,2
eddie-rodriguez,3
carol-browner,1
markel-hutchins,1
rob-portman,34
alison-lundergan-grimes,7
jon-stewart,7
whoopi-goldberg,2
dick-greco,1
libertarian-party-texas,1
nickie-antonio,1
brian-robinson,3
urban-intellectuals,1
jean-schmidt,1
american-leadhership-pac,3
richard-morrison,1
ronald-renuart,1
andre-carson,1
jay-goyal,1
meg-whitman,3
barney-simms,1
kevin-de-leon,2
boyd-richie,4
centers-disease-control,1
minka-kelly,1
ted-strickland,18
wisconsin-anti-violence-effort-educational-fund,1
christine-odonnell,2
cokie-roberts,6
janet-mitchell,1
oregon-senate-republicans,2
fidelis,1
doug-macginnitie,2
cnsnews,1
jorge-elorza,4
loretta-lynch,1
dan-sullivan,5
steve-rothman,4
freedom-defense-advocates,1
betsy-mccaughey,2
wisconsin-professional-police-association,2
pat-stevens,1
pete-winstead,1
declan-oscanlon,1
lenar-whitney,1
sheila-resseger,1
jason-conger,2
democratic-senatorial-campaign-committee,8
taxpayer-association-oregon,3
jeff-morales,1
jamie-oliver,1
katty-kay,1
ted-nugent,3
donald-carcieri,1
david-toscano,1
tavern-league-wisconsin,1
cato-institute,1
bill-zedler,1
let-america-work,1
thomas-sgouros-jr,1
shemia-fagan,1
burnt-orange-report,1
lee-fisher,6
chris-van-hollen,2
rob-woodall,2
orly-taitz,1
joe-theismann,1
jason-stanford,1
christopher-little,1
dana-wachs,1
texas-medical-association,1
richard-woods,1
lone-star-project,3
robert-mcdonald,1
elizabeth-warren,6
mary-landrieu,3
senate-majority-pac,10
hank-johnson,8
new-hampshire-republican-party,3
tim-echols,2
nick-fish,2
nelson-wolff,1
sean-spicer,2
wrongwayrubiocom,1
mark-tapscott,1
beto-orourke,1
nan-orrock,3
colorado-citizens-accountable-government,2
marc-morial,3
judson-hill,2
michael-reese,1
restore-our-future,7
lars-larson,1
debra-lehrmann,1
turning-point-usa,1
fighting-ohio-pac,1
mike-adams,1
jess-mcintosh,1
john-morgan,2
wayne-deangelo,1
change-austinorg,1
william-obrien,1
mothers-against-drunk-driving,1
barry-duval,1
john-shimkus,1
nia-malika-henderson,1
james-skeffington,1
moms-demand-action-gun-sense-america,2
patrick-murphy,12
virginia-education-association,1
c-wharton,1
deepwater-wind,1
duncan-hunter-2,1
uber,1
susan-happ,1
teresa-ghilarducci,1
nfl-players-association,1
ruth-marcus,1
roger-williams,9
ari-melber,2
conservative-daily-post,1
oxfam-ireland,1
david-plouffe,1
carol-shea-porter,3
heidi-group,1
steve-oelrich,1
brian-fallon,1
republican-national-committee-republican,24
brian-kemp,4
brad-schimel,3
thomas-garrett-jr,3
tom-daschle,1
kevin-flynn,1
gabrielle-giffords,1
nina-perales,1
kevin-mccarthy,2
richard-clarke,1
common-sense-kids-action,1
nevada-state-democratic-party,1
joseph-levy,1
barry-garner,1
us-dairy-export-council,1
paul-manafort,3
gina-raimondo,13
accountability-project,1
jim-marshall,1
katherine-cloonen,1
maria-cardona,1
robert-reich,2
joe-straus,4
betsy-miller-jones,1
jim-zehringer,1
peter-pantuso,1
young-conservatives-texas,1
facebook-posts,78
mike-dovilla,3
babur-lateef,1
will-kraus,1
kelly-terry-willis,1
edith-ajello,2
maciver-institute,3
concernedcitizen4u,1
georgia-restaurant-association-georgia,1
renee-ellmers,1
joe-wilkinson,1
town-hall-audience-member,1
media-trackers,1
ellen-troxclair,1
scott-randolph,2
suzanne-devlin,1
naral-pro-choice,4
jimmy-flannigan,1
harold-metts,1
kathy-miller,1
greg-steube,1
new-jersey-sierra-club,1
jim-gilmore,1
bill-bennett,1
econorthwest-economics-finance-planning,1
shaun-donovan,2
jack-roberts,1
franklin-sands,1
jay-rockefeller,1
ben-rhodes,1
eileen-brady,3
ted-deutch,1
david-sciarra,1
alfredo-gutierrez,1
andy-brown,2
chris-stirewalt,1
bill-post,1
ken-hagan,1
zell-miller,3
seminole-tribe-florida,1
america,2
corn-commentary,1
brian-kilmeade,2
matthew-charles-cardinale,1
jan-jones,1
ron-ramsey,3
freedom-project,1
kelly-odonnell,1
foundation-secure-and-prosperous-america,1
michael-mccaul,7
alex-sink,17
our-daughters-ri,1
victoria-jackson,1
randi-shade,3
fran-millar,1
people-american-way,2
brent-barton,1
atlanta-sports-council,1
america-rising-now,1
susan-collins,1
heritage-foundation,1
rafael-cruz,1
vern-buchanan,4
virginia-foxx,3
david-rivera,2
yes-82-and-83-campaign,1
majority-forward,1
dwight-jones,4
hillary-davis,1
jim-keffer,1
oregon-transformation-project,1
defenders-wildlife-action-fund-defenders-wildlife-,2
margaret-gomez,1
ralph-hudgens,1
charles-perry,1
shawn-lindsay,1
chris-cuomo,1
mark-udall,2
seaworld,1
peter-nightingale,1
jason-kander,1
joe-miller,1
atlanta-police-foundation,1
kathleen-sullivan,1
americans-united-change,7
mary-squires,1
charles-bass,4
neera-tanden,2
we-are-wisconsin,3
gayle-smith,3
peter-shumlin,1
lori-haas,1
ohio-right-life,2
matthew-rothschild,1
mike-collier,2
chris-koster,2
chris-kapanga,1
bill-flores,2
jon-richards,1
katrina-shankland,1
dan-ramos,1
national-review,1
lz-granderson,1
sally-bethea,1
john-eaves,2
james-parisi,1
steve-leslie,1
robert-koons,1
foodmentum,1
trey-martinez-fischer,1
joe-sanfelippo,1
daniel-grace,1
jeff-stone,4
butch-conway,1
everytown-gun-safety,3
james-crowley,1
lauren-kane,1
nancy-pelosi,23
juan-chuy-hinojosa,1
steven-emerson,1
john-watson,1
jeff-cogen,1
jodie-laubenberg,1
tarina-keene,1
david-wu,1
josh-trevino,1
wisconsin-institute-law-liberty,1
laura-tyson,2
doug-thomas,1
mike-prendergast,1
allison-tant,1
paul-howard,1
stuart-sternberg,1
george-barker,2
chris-clark,1
kasim-reed,17
melvin-sickler,1
raphael-warnock,1
robert-healey,2
oregon-health-authority,1
anti-defamation-league,1
jack-lew,2
scott-hassett,1
gloria-steinem,1
austinites-geographic-representation,1
janet-freedman,1
joy-reid,1
zoe-lofgren,1
national-womens-law-center,1
alberto-carvalho,1
jason-brodeur,1
progressive-change-campaign-committee-and-democrac,1
maurice-ferre,3
gun-free-ut-gun-free-ut,1
julius-jones,1
american-action-network,1
carly-fiorina,20
ron-saunders,1
ej-finocchio,1
florida-education-association,1
jim-petro,1
jennifer-beck,2
patty-murray,1
ann-kirkpatrick,3
donald-verrilli,1
richard-cordray,1
liberals-are-cool,1
trimet,3
scott-henson,1
terral-smith,1
fulton-county-health-and-wellness,2
jeffrey-grybowski,1
drug-policy-alliance,1
coalition-bring-jobs-ri,1
richard-swett,1
miriam-martinez,1
cw-bill-young,3
will-weatherford,12
adam-hasner,9
rashad-taylor,1
campaign-fix-debt,1
tom-hughes,1
jason-carter,3
lee-holloway,4
kendall-jones,1
bill-seitz,2
ritch-workman,1
rush-limbaugh,35
one-nation-pac,1
save-our-springs-alliance,1
michael-hayden,1
mickie-williams,1
steve-case,1
memphis-police-association,1
brian-anderson,1
susana-martinez,1
kelly-ayotte,9
bill-mccollum,10
ryan-frazier,1
friends-clearwater-pac,1
kendrick-meek,16
doug-stoner,1
kay-bailey-hutchison,13
republican-party-florida,26
mike-coffman,1
Coast-Guard,1
lee-leffingwell,8
paige-kreegel,1
chip-rogers,4
jeremy-schaap,1
doug-whitsett,3
jeff-wentworth,3
ohio-republican-party,6
sam-stein,1
matthew-cooke,1
jim-durrett,1
independence-usa-pac,1
david-segal,1
pete-koekstra,1
jim-moran,12
daniel-harrop,1
jim-renacci,12
tim-grendell,2
chris-hani-baragwanath-hospital,1
robert-barber,1
doug-collins,1
bear-education-and-resource-group,1
george-clooney,1
national-association-realtors,1
john-depetro,5
nita-lowey,1
council-national-interest,1
vote-no-2,3
judson-phillips,1
beth-harwell,1
mary-matalin,2
ron-gerberry,1
rose-mary-grant,1
joe-walsh,1
gerard-robinson,1
ohio-house-republican-organizational-committee,1
david-madland,1
myra-crownover,1
pete-gallego,6
public-comments-common-core-hearing,1
kathy-castor,2
texas-association-school-boards,1
pat-quinn,2
charles-clark,1
kate-obenshain,1
jimmie-don-aycock,1
seth-magaziner,2
cecile-richards,4
mallard-fillmore,1
joe-heck,2
hugh-thompson,1
independent-texans,1
alexi-giannoulias,2
leah-vukmir,2
loretta-sanchez,4
senfronia-thompson,1
stephen-zappala,1
generation-opportunity,1
ohio-democratic-party,11
matt-rinker,1
mary-margaret-oliver,2
jb-powell,1
david-canon,1
jan-brewer,5
dino-baccari,1
ruth-bader-ginsburg,1
brian-birdwell,1
dean-wright,1
evan-bayh,1
john-ludlow,2
vladimir-putin,2
richard-licht,1
max-nofziger,1
drew-brees,1
diane-black,1
greg-walden,4
shirley-turner,1
public-notice,1
shelley-moore-capito,2
john-matson,1
progressive-choice,1
mark-geist,1
Arizona-Citizens-Defense-League,2
donzella-james,1
ronda-storms,1
florida-stop-common-core-coalition,2
texans-economic-development,1
tom-craddick,1
viral-image,19
jack-seiler,1
bee-moorhead,2
marjorie-sanfilippo,1
kevin-coughlin,1
carl-lewis,1
heather-fiorentino,1
emil-runge,1
chelsea-clinton,2
bryan-hughes,1
martina-navratilova,1
phil-ruffin,1
milele-coggs,1
worldnetdaily,2
ken-hodges,1
mary-taylor,2
marty-beil,1
steve-king,4
paul-sadler,5
larry-gonzales,1
bill-powell,1
josh-burgin,1
nick-rahall,1
coalition-fair-budget-priorities,1
ron-maag,2
alan-grayson,30
stephanie-cutter,4
austin-board-realtors-pac,1
let-freedom-ring,3
starbucks,1
evan-longoria,1
terry-jeffrey,1
david-beckham,1
democratic-hispanic-caucus-florida-miami-dade-coun,1
arsalan-iftikhar,1
john-bel-edwards,1
jeff-brandes,3
greenville-gazette,1
deadspin,1
maxey-scherr,1
dennis-linthicum,1
afl-cio,3
georgia-craft-brewers-guild,1
bob-tiernan,1
citizens-progressive-wisconsin,1
hank-gilbert,3
caleb-rowden,3
committee-restore-americas-greatness,1
republican-party-virginia,4
texans-reliable-power,1
susan-stimpson,2
dan-becker,1
terry-moulton,1
sharlene-leurig,1
mike-murphy,1
anthony-gemma,5
kellyanne-conway,1
robby-mook,1
scott-brown,10
joyce-kaufman,1
senate-conservatives-fund,1
barry-smitherman,2
kurt-bauer,1
jeff-wagner,1
stephen-fincher,1
weston-wamp,1
lindsey-graham,9
chris-bowers,1
jose-diaz-balart,2
susan-sosnowski,1
corey-lewandowski,3
stephen-martin,1
anthony-johnson,1
doonesbury,5
mark-daniels,1
our-oregon,2
bill-maher,10
wisconsin-state-afl-cio,2
annette-taddeo-goldstein,2
mark-begich,2
william-ruto,1
john-barrasso,2
wallace-hall,1
mark-obenshain,3
renewable-fuels-association,1
john-cornyn,23
virginia-senate-democratic-caucus,2
fact-check-florida,1
kathleen-passidomo,1
mike-bodker,1
sam-olens,3
concerned-women-america,1
martin-frost,1
kentucky-opportunity-coalition,1
john-carlevale,1
rick-barber,1
stop-gillnetting-now,1
vicki-martin,1
tavis-smiley,1
joshua-marquis,1
barry-hinckley,10
debra-medina,3
reclaim-america-pac,1
william-benson-huber,1
mark-shields,2
don-francis,1
zack-space,1
kathleen-peters,2
portland-association-teachers,2
hetty-rosenstein,1
mike-white,1
steve-southerland,4
ben-cardin,1
donald-mceachin,1
frank-niceley,1
rick-santorum,46
john-kasich,43
henry-cuellar,2
fran-lebowitz,1
debbie-stabenow,1
sarah-eckhardt,1
steve-doocy,2
frank-annunziato,1
sandy-pasch,3
athens-banner-herald,1
marc-thiessen,1
ralph-peters,1
national-federation-blind,1
tom-coburn,8
jeff-sessions,5
dan-gecker,2
club-growth,17
melissa-johnson,1
richard-tomlins,1
ed-fallone,2
james-buchal,1
thomas-perez,2
special-operations-opsec-education-fund,2
americans-responsible-solutions,3
john-podesta,1
citizens-republic,1
se-cupp,2
emma-watson,1
georgia-association-homes-and-services-children,1
thad-altman,1
j-james-rohack,1
gavin-mcinnes,2
committee-florida-education,1
